epoch,lr,train_loss,train_accuracy,val_loss,val_accuracy,val_balanced_accuracy,val_macro_f1,val_ece,seconds
1,0.001,1.6878884569388417,0.7950305649241147,0.2102972290628828,0.981373070782331,0.9733117783835107,0.9694054852285421,0.1423040474187573,177.2
2,0.0009875893165300026,0.9545962219495596,0.9827150084317032,0.17748562870284482,0.9882916444917509,0.9860877343506801,0.9774479297990003,0.1274416690385995,86.9
3,0.0009509795896116974,0.9165297211925256,0.9899610033726813,0.18868902054411607,0.9894890899414582,0.9860309226055687,0.9818851195753515,0.13985940365357685,87.4
4,0.0008920065838216749,0.9057463905059467,0.9915682967959528,0.18885327740004876,0.9913517828632251,0.9846306144838933,0.9829403434212961,0.14897426727617943,87.7
5,0.0008136274519200731,0.8936290559036937,0.9940451096121417,0.18911279078935803,0.9894890899414582,0.9852372420103681,0.9806230683402657,0.13870952007950085,83.4
6,0.0007197724508631912,0.8849796465838338,0.9951781197301856,0.18593710457917031,0.9902873869079297,0.9866078044346286,0.9819593432075925,0.1409143952889732,87.5
7,0.0006151478623083756,0.8809659786610338,0.9959158937605397,0.17631101532144836,0.993347525279404,0.9902692725980733,0.9836722497742528,0.14008868802110838,98.7
8,0.000505,0.8788498838072483,0.9966273187183811,0.1815090815776076,0.9921500798296966,0.9889496179017407,0.9846506853073799,0.14061265671154868,94.0
9,0.00039485213769162444,0.8733608618152483,0.9974704890387859,0.16921602642364866,0.9948110697179351,0.9921365648356828,0.9862517351518973,0.1373815234589919,87.5
10,0.0002902275491368088,0.869836457161638,0.9980238195615514,0.1749662062219637,0.9954763171899946,0.9920684125922734,0.9885283361649178,0.14176527559638277,94.3
11,0.00019637254807992693,0.8663145688693801,0.9987879426644182,0.17979148228540262,0.9945449707291112,0.9913217296936646,0.9874628217164814,0.1420280071983571,86.5
12,0.0001179934161783253,0.8648777701601411,0.99910413153457,0.17514404462587968,0.9950771687067589,0.9921789737111203,0.9875302705226177,0.14091791058709607,86.5
13,5.902041038830258e-05,0.8634192781745885,0.9993412731871838,0.17282803655622359,0.9954763171899946,0.9926395316349415,0.9880991007587766,0.14049388219251982,84.0
14,2.241068346999731e-05,0.8631929950207522,0.9992358768971332,0.17550930341169388,0.9958754656732305,0.9933440552443834,0.989760804175932,0.14482472180138564,86.9
15,1e-05,0.8629202581376691,0.9992622259696459,0.17230939030837605,0.9954763171899946,0.9928813517115046,0.9893320743432747,0.14129074082619145,88.6
